Area ID,Population Density (people per square kilometer),Current Housing Units,Available Land for Development (square kilometers),Maximum Sustainable Population Density (people per square kilometer),Zoning Type,Greenspace Area (square kilometers),y
1,1963,654,12.981758358544116,1471,Commercial,0.4160853270795106,0
2,4606,2313,8.780754475822182,3195,Mixed-Use,1.7920536991435532,0
3,2317,1046,16.992006333946133,3354,Residential,0.6599321253252116,1
4,2737,717,-1.634289833048859,1196,Commercial,4.623340925359135,0
5,789,1370,12.372811769345216,3418,Commercial,0.9170295242134285,1
6,1776,1359,9.33531168670956,1500,Mixed-Use,1.0785203393950016,0
7,4295,865,5.244490342753325,3523,Commercial,3.1374546574213276,0
8,4383,2155,13.236977329563555,1709,Commercial,2.5153563026274215,0
9,4563,732,17.428872423618014,4463,Mixed-Use,1.10950963990665,0
10,2109,591,12.217941599748212,2876,Mixed-Use,2.830267443120136,1
11,3103,550,4.9332810128597355,4894,Commercial,1.0726510071403235,1
12,2153,1569,14.969106936866162,4542,Residential,3.3345185269192084,1
13,1748,2181,-1.2680413925284295,1447,Commercial,4.779358307509457,0
14,2316,2294,12.264653736920197,4468,Mixed-Use,3.2001072958454255,1
15,3106,1785,-0.23065128775904564,2240,Mixed-Use,1.9559503832085423,0
16,1961,657,13.650807323914481,4772,Residential,3.7498934221553033,1
17,1869,1795,15.89751043825725,2719,Commercial,2.6731589405005414,1
18,2898,2451,10.306481018154582,2002,Commercial,2.8046512015558607,0
19,1857,901,12.909734025645012,4810,Commercial,4.424563595884869,1
20,1822,1926,11.169702444621745,3401,Mixed-Use,1.8421676029448304,1
21,1078,517,13.752510953864661,4363,Residential,1.3929792444674294,1
22,3941,1225,14.84600668836098,3950,Commercial,1.096760649291908,1
23,4957,1338,9.052649964708719,3547,Mixed-Use,3.5716875015557785,0
24,1232,869,-2.25275526574424,1601,Residential,4.017832618031415,0
25,2166,2350,13.162124287151583,4276,Commercial,2.7547076612185735,1
26,2091,1252,0.6879277029475137,4856,Mixed-Use,1.496406499709857,1
27,3466,1681,13.6989301361846,1312,Residential,1.2567637840916968,0
28,2022,2360,-1.508693371441649,1633,Commercial,3.791002302664519,0
29,3607,910,4.8009601088724505,1337,Mixed-Use,2.0032095479015095,0
30,661,1755,11.795770545453976,1096,Commercial,3.117090663037329,1
31,2294,1643,1.126558621843401,4385,Mixed-Use,4.92326955963373,1
32,4114,2048,10.893200650706756,2488,Mixed-Use,2.9822797483734376,0
33,574,2405,14.543598550964598,1102,Commercial,0.5288025900467425,1
34,4425,2487,1.5367248533272742,1541,Mixed-Use,4.4789577934868845,0
35,1814,849,16.502575647281933,1753,Mixed-Use,1.5839121875827722,0
36,1004,1312,5.411641978495705,3986,Residential,1.8511722993412776,1
37,639,1144,-2.177214464407949,4508,Residential,4.422048177661399,0
38,1249,1341,5.72441283537555,3327,Residential,3.131376632608162,1
39,4568,2078,5.9221749708169,3390,Commercial,0.5808317789601419,0
40,4817,1815,5.678630920838282,3798,Residential,1.6384032460915536,0
41,1659,2480,13.72306820272964,2571,Residential,4.667897571328856,1
42,1978,591,18.252045468866633,1672,Mixed-Use,0.23959679324070948,0
43,2261,1884,17.318162403183102,1487,Residential,1.641198252611014,0
44,3655,2109,10.832082278613225,3068,Mixed-Use,3.759001636000718,0
45,1582,1041,12.522640736134917,3086,Mixed-Use,1.5082626206174439,1
46,2612,666,6.154903092362829,2637,Commercial,1.4089358133154017,1
47,4731,2200,1.406480744278567,4352,Residential,3.011630506715414,0
48,4361,1280,7.132663083352627,1655,Mixed-Use,1.7615602291315606,0
49,4132,986,14.622148559704815,4266,Mixed-Use,0.28687118083586316,1
50,1549,2063,3.4602404535977085,2825,Commercial,4.9229955557628875,1
51,1412,1949,2.5926600595913536,2516,Mixed-Use,0.12039050562133391,1
52,4801,1399,2.9885812825532923,2504,Residential,1.4623808504179014,0
53,1634,1440,8.46522284887089,3474,Mixed-Use,4.13467305793321,1
54,1475,1463,7.445034567100095,4001,Residential,2.8171321715103397,1
55,3480,2311,-0.11755870235044541,1673,Commercial,1.8216476197333076,0
56,4069,1792,6.695316089959866,4653,Commercial,0.2511109843624598,1
57,531,2023,12.720375343415885,3676,Commercial,2.0233091992171124,1
58,3752,2141,0.6463466077737854,1895,Mixed-Use,4.759106971160088,0
59,2052,1522,8.065931768040445,2336,Residential,1.1499908819944926,1
60,3275,933,5.1972769514282735,1527,Residential,2.236918956261924,0
61,1647,1033,0.7102434569565119,1510,Residential,4.6718305305116825,0
62,611,2085,5.283805071329467,1593,Residential,1.4933865809479379,1
63,521,1816,19.508694169317696,2419,Residential,0.4567709536819281,1
64,4974,1661,12.409343034915079,2979,Commercial,1.359601734222441,0
65,1264,672,16.067675377414833,2918,Commercial,2.36280209288715,1
66,1314,1498,0.8565506479379428,1434,Residential,1.0315367209047261,1
67,575,2355,-0.8318628461567021,3422,Mixed-Use,4.032751083110705,0
68,3879,1860,16.57737795261828,2901,Residential,0.5153655632643389,0
69,4924,989,6.761503997789389,4063,Residential,4.4561543864435125,0
70,3269,1507,17.83276798313589,1789,Residential,0.6714461419037088,0
71,2622,2290,10.823651350275577,2560,Commercial,0.8378105202480246,0
72,514,714,10.745337559366847,2656,Residential,1.8571266350485138,1
73,2616,1975,3.3382542482573,1279,Mixed-Use,1.6352350274269867,0
74,3783,2403,0.37101703745351355,3100,Mixed-Use,1.2505017974355292,0
75,2345,1834,14.763344078866446,4107,Mixed-Use,4.77153391098079,1
76,2928,2014,13.440664906690788,4644,Mixed-Use,0.8538356390685026,1
77,4818,1392,17.89108020628382,1494,Residential,1.2682903137200274,0
78,2753,519,11.285194191855936,1926,Commercial,4.283937848520405,0
79,3765,2243,9.315603738840977,1891,Commercial,1.4784332547457568,0
80,4666,1973,11.462058600875924,3728,Residential,2.753957991281509,0
81,2153,2056,15.544821088685474,1880,Commercial,2.7399603083722353,0
82,4790,1993,16.711170808026957,2812,Mixed-Use,2.0129563669068222,0
83,607,2116,6.769318441466319,3735,Mixed-Use,0.28571718698377324,1
84,2828,1304,1.7668317880762197,1749,Residential,3.6046999387082246,0
85,2730,1315,12.016095152708191,1136,Commercial,1.6324834809049105,0
86,1687,1454,10.759728964458834,4830,Mixed-Use,2.356321162986366,1
87,1355,1351,12.535994817668703,4064,Mixed-Use,1.9141244002479407,1
88,2713,1795,19.034175687497388,3089,Commercial,0.3013562070547443,1
89,1176,1742,7.34257645708403,3181,Mixed-Use,0.024110110334699675,1
90,3710,1047,6.276906813819557,4569,Commercial,3.140369840800143,1
91,3352,934,11.44728886454236,3681,Residential,1.4296847223189757,1
92,4583,1038,6.064207209223163,3103,Mixed-Use,2.5352427616743323,0
93,3315,1324,2.49536834547127,4550,Mixed-Use,1.281096658603205,1
94,1977,2023,2.2128167487306714,2491,Commercial,0.8249627916152408,1
95,727,1567,7.834430721349262,3890,Residential,0.23358501703563128,1
96,4590,2106,16.922033981248635,1220,Commercial,1.8745765105352836,0
97,4609,1004,10.865642199689475,3229,Commercial,4.080209611026947,0
98,1498,757,-0.511689842557681,1788,Residential,3.7799106051420903,0
99,3341,819,16.00293604861215,3271,Residential,0.44673504880851256,0
100,1650,1422,18.221713013337222,4043,Mixed-Use,0.9690219979357689,1
101,2757,1306,-1.3632238826161727,3175,Commercial,4.335350208801648,0
102,1156,2219,3.802370877465692,3452,Commercial,0.49946451542009496,1
103,2473,2147,15.984539337818035,1964,Commercial,0.6785645876006013,0
104,4141,1288,1.3990283441656781,1192,Mixed-Use,1.866064506911476,0
105,2569,826,9.940482580845556,2145,Residential,3.0755062882852884,0
106,2276,970,10.575693420966005,3168,Mixed-Use,2.2067872151574197,1
107,1681,2085,10.91205337562817,3038,Residential,0.018401115254239597,1
108,2478,880,0.9052538843522893,2232,Residential,4.3166670721259335,0
109,4621,1021,7.704611513904083,3395,Commercial,0.056105027062444135,0
110,1520,1596,6.638168561901601,3368,Mixed-Use,0.8656408974730972,1
111,3404,1168,13.037044161515288,2591,Commercial,4.836732711889647,0
112,2653,892,8.783871166495043,3968,Residential,4.386038528111429,1
113,548,863,16.696183584423412,4332,Residential,2.7002834139550953,1
114,1025,706,11.277735957079374,2631,Residential,3.177235011605632,1
115,1915,1100,1.7545085704585088,3938,Residential,3.24266644699714,1
116,4033,1713,10.562927293597635,1692,Residential,4.649369075510011,0
117,2810,2232,4.229224565369822,4483,Residential,3.1314388866829286,1
118,4722,1847,5.491020568235145,2731,Commercial,3.1291203773742495,0
119,3713,1249,17.56351663498794,2158,Mixed-Use,1.4378555022449797,0
120,1870,2449,12.60434754404857,3725,Commercial,0.20230975262103656,1
121,4165,1395,-3.184654070179264,1885,Residential,4.433650675059843,0
122,3247,984,9.067407272275982,3523,Commercial,3.4149734566438097,1
123,2631,1573,1.6055465731515364,4441,Commercial,4.627311290835347,1
124,2236,2118,4.613629754535579,1958,Residential,4.9729739515889575,0
125,2967,2213,15.698480999070604,3069,Commercial,1.8438923122882855,1
126,1758,1350,10.89532169616506,2509,Commercial,4.577120645340058,1
127,3538,2428,13.980118424239649,3972,Residential,1.6998695794910441,1
128,2488,1771,17.64782033297063,4161,Commercial,2.171837758240848,1
129,2283,1221,16.35345848912514,1057,Residential,2.725579188510439,0
130,4404,1916,17.407164659625316,4326,Residential,1.002069568762023,0
131,3268,2419,4.6457923667743515,4456,Mixed-Use,3.7509630145754453,1
132,1206,632,6.589533625873758,4222,Residential,4.9058026949102,1
133,2860,2450,7.582447838907054,3292,Mixed-Use,0.11662826738911336,1
134,2833,2356,-0.2538337675240725,4029,Mixed-Use,2.577107735395751,0
135,3381,1483,-2.5894344714775075,4990,Commercial,4.967204769739797,0
136,4790,1848,12.562316618878949,3662,Mixed-Use,2.103554110710558,0
137,3660,1364,6.3308558473337655,2666,Mixed-Use,4.8566679727970445,0
138,2941,1414,2.543277793502535,3220,Mixed-Use,3.2216528745165784,1
139,4068,810,8.943157105869725,3877,Commercial,3.998363573705712,0
140,2166,2123,3.4006514805098687,3746,Residential,2.078696693228746,1
141,4352,1187,11.654121976112352,3511,Commercial,0.25233555946323205,0
142,1728,1169,2.917763073017908,2826,Mixed-Use,3.6382486216906704,1
143,4886,1521,5.136874112319223,4927,Mixed-Use,0.8064145213577573,1
144,2078,1224,11.442583825435914,3910,Commercial,2.8163010429017747,1
145,1485,1489,2.528777173951271,2740,Residential,4.486886765421083,1
146,3409,662,2.1160466638603737,3652,Commercial,2.921227477900225,1
147,1535,908,13.253551120655903,4713,Residential,3.969122568584033,1
148,3481,1436,3.24640540092952,4354,Mixed-Use,0.44140702863187387,1
149,3928,747,3.972546957707298,4474,Commercial,1.7577616221882986,1
150,3095,1675,7.790230611863058,3225,Commercial,3.580995253950559,1
151,2714,938,7.941289689695433,3362,Commercial,2.9211011493793255,1
152,4221,1390,3.1991444892564336,3933,Commercial,2.579779354565963,0
153,3068,1897,13.53976398236079,1353,Residential,1.7341221483762386,0
154,2085,1488,9.205196483208232,2725,Commercial,2.917285461752618,1
155,2990,958,8.452683318638307,2562,Residential,2.4545561317034053,0
156,3427,2114,5.478369394713258,2360,Residential,3.783289412875694,0
157,676,2111,3.1741374457797744,3885,Mixed-Use,2.8008171728646762,1
158,1841,1022,10.498765987928625,2166,Mixed-Use,0.7577016755805871,1
159,4396,546,15.371386672627668,2778,Mixed-Use,0.8409447921025304,0
160,1973,1914,5.109621236367074,2838,Residential,4.404618445302965,1
161,4374,613,17.43582380443996,1081,Mixed-Use,1.666987661098417,0
162,3000,1459,-2.4425705139831044,2449,Commercial,4.447800220230682,0
163,3686,1870,17.672352484493114,1102,Commercial,2.29328445417502,0
164,3399,2498,0.0824812529969483,4897,Residential,1.2855194462366115,1
165,3885,1009,9.908153343697807,2836,Residential,2.81810442386651,0
166,1911,1791,18.661390887578918,3091,Residential,0.3392855509974507,1
167,4247,1619,1.3721542024228017,4792,Residential,3.466391295772113,1
168,2202,601,17.003858230788406,3910,Commercial,1.7010769962595929,1
169,4391,2418,-1.8174350613435446,4264,Commercial,3.57116850260704,0
170,2230,1505,3.9619694791540416,4153,Commercial,4.820286176318548,1
171,1406,1425,2.0443724628656,3711,Mixed-Use,4.261295497528155,1
172,1230,1898,-1.5882057711605686,4124,Residential,3.9626692531409287,0
173,3046,2331,4.201372755308794,4146,Residential,1.8061264183018717,1
174,3730,2430,5.0440386560474195,2676,Residential,2.565959453720196,0
175,2790,2334,10.74426320368949,1272,Residential,2.9260501685757085,0
176,4689,2303,16.168568503972928,1141,Residential,1.1883034972090716,0
177,2358,695,10.329539576105683,1758,Mixed-Use,3.54407420727471,0
178,4415,642,11.00089449306729,1820,Residential,2.8379999958727127,0
179,766,2404,1.4732537849603116,4045,Residential,2.8883608610593887,1
180,3051,1681,13.625725948371272,2771,Commercial,3.1493584326741173,0
181,2227,856,2.3715329141789643,1386,Mixed-Use,1.6890626413179421,0
182,4923,839,11.985912566507979,3823,Residential,3.6115932841224385,0
183,1649,1276,7.064477882736249,4568,Commercial,2.040161521328045,1
184,3640,758,17.885293344951265,4835,Residential,1.8663495285856124,1
185,3249,1371,-2.4639798238440624,2571,Commercial,4.200775252446036,0
186,4762,1149,16.197344231736277,3357,Residential,0.07897385266227686,0
187,4429,1027,9.584701023935155,3542,Residential,2.746936844730334,0
188,3267,1491,8.363228798398756,3059,Commercial,1.320587419495773,0
189,4065,665,16.53440594717304,4581,Residential,0.5943043932107117,1
190,2671,1577,12.412869428069401,2757,Residential,0.056742182334471036,1
191,2751,1084,1.421048054858439,4374,Commercial,1.2424072034275824,1
192,3156,1184,-0.20094439811990394,3533,Commercial,3.11146512458325,0
193,769,2475,4.765485763949674,2620,Residential,1.2596628393516234,1
194,3398,1481,6.419766788566589,1456,Mixed-Use,1.6532551155686366,0
195,4653,1926,5.573812826996692,2964,Mixed-Use,2.55901612214101,0
196,3675,879,2.482200019992287,2501,Mixed-Use,1.2569383206949598,0
197,4061,1787,16.8635313500327,4453,Mixed-Use,2.899433843453247,1
198,1168,1451,15.1222198253931,2477,Residential,0.14754158048144894,1
199,3954,2112,5.608648110913631,2778,Residential,4.668620036081469,0
200,2395,2052,13.701400325719032,1691,Commercial,0.3518090427238624,0
201,2574,875,14.823867908114172,4920,Mixed-Use,2.5568724475126614,1
202,598,1606,14.924289306170621,2023,Commercial,4.093247935857761,1
203,697,876,5.594006779125769,1938,Commercial,2.820812106239306,1
204,2301,1518,7.0793361251599425,3720,Residential,3.373852583588425,1
205,4212,1891,11.630718357425934,2524,Residential,2.1834832031690583,0
206,1839,775,9.78140749814381,3783,Mixed-Use,4.199129900893181,1
207,3638,656,5.1488654795624855,3925,Mixed-Use,2.481804662467325,1
208,2835,1483,10.135411029596849,3891,Mixed-Use,1.4038095896637275,1
209,4971,1914,2.4167698194791063,3924,Mixed-Use,1.1499826322743645,0
210,2051,947,1.0986817632333248,3393,Residential,0.7063805491645436,1
211,2228,777,3.3800301787399984,4610,Mixed-Use,1.7460246854474226,1
212,1121,1455,2.278723164266067,4424,Commercial,4.998054931512723,1
213,2401,1741,10.69680302656512,2762,Mixed-Use,3.457154947023302,1
214,1210,684,14.100460206765817,2773,Commercial,0.42478810556684177,1
215,4748,1272,8.88747684123314,3955,Commercial,1.3733547142956066,0
216,4782,514,-0.047199028022335554,2604,Mixed-Use,1.8159585439552928,0
217,1016,1648,11.12638410841205,1392,Commercial,4.36780551810909,1
218,2101,1588,7.175540036913895,1043,Residential,2.3775327749170136,0
219,1310,2189,14.429320542928322,1949,Mixed-Use,0.4120642576432382,1
220,2364,2334,-0.8302993200668594,1565,Commercial,4.897630234241178,0
221,3628,2306,1.5508502771279793,2198,Commercial,3.9498513791501284,0
222,4526,2400,6.142547390877471,1468,Residential,0.17296579573200077,0
223,2697,2137,5.546479338257512,4260,Mixed-Use,4.423032315484486,1
224,1319,756,13.999769190334664,2147,Commercial,3.5034260654151166,1
225,1506,1174,19.07432752078412,2908,Commercial,0.4356586044514704,1
226,1504,1140,8.893869887279436,4431,Commercial,4.692854197159271,1
227,834,1868,2.7163507276883134,4744,Mixed-Use,3.323752564419138,1
228,2621,2347,6.6111299512351325,4643,Commercial,1.110444513503429,1
229,1202,1430,10.703854514472342,3242,Commercial,1.454954750503522,1
230,1792,1737,13.697328868443698,1336,Commercial,3.2172159068483728,0
231,1454,1550,0.18237270305361886,1470,Mixed-Use,4.628906242531275,1
232,1249,2208,13.68923904151394,4612,Mixed-Use,3.4861395996810924,1
233,2578,1336,13.596879950121433,4432,Residential,3.977704996170484,1
234,3857,1530,7.304103031171135,1578,Residential,4.455956295846807,0
235,4014,1366,16.773849963388482,3624,Mixed-Use,2.8058422881557354,0
236,3920,2192,-0.8036334764881032,4088,Commercial,4.783698805219903,0
237,1896,600,13.227973685442732,3140,Mixed-Use,1.4439855017279135,1
238,2902,1322,15.394987399068722,4221,Mixed-Use,1.4337719854730464,1
239,2050,1084,4.464642735355799,4191,Commercial,1.5013101402503621,1
240,3019,944,-1.5079923271980142,1202,Mixed-Use,3.283868633810523,0
241,1664,2410,8.730312453369788,1699,Residential,0.866447950900277,1
242,4627,904,2.7038185444667975,3270,Mixed-Use,1.6509635041895803,0
243,4619,1036,17.993007195231865,4390,Residential,0.01091176133789118,0
244,2931,1310,14.063427210044138,4216,Commercial,0.6971757144543733,1
245,4131,2160,13.632342395668275,3017,Residential,1.8030577999928128,0
246,1597,2039,10.224593853915348,3280,Mixed-Use,0.4505250664442634,1
247,1315,2088,12.77728163840099,3235,Residential,2.635590146223973,1
248,2734,2331,15.395812889751781,1463,Mixed-Use,1.1938404809724157,0
249,831,2461,6.2798644038651075,1927,Commercial,4.251252507370414,1
250,2274,697,17.873678854781097,1375,Commercial,1.4280051937017806,0
251,3277,2415,2.822923258873148,2003,Commercial,3.604931696228493,0
252,908,2224,9.255232524909339,4402,Commercial,0.597751901535663,1
253,3125,1209,12.201148656597585,3257,Residential,2.407274222517333,1
254,4202,891,11.670510914939754,3394,Commercial,2.7440987376005355,0
255,1746,1648,6.198604953601803,2466,Commercial,1.5657265058306509,1
256,1453,1161,13.925938365315375,3903,Commercial,4.526978426143241,1
257,4042,1798,7.677172262752686,1593,Commercial,3.0361340367316156,0
258,4977,1481,14.040121519809977,3349,Residential,0.6764555512618903,0
259,2868,570,11.946300207400977,3372,Commercial,4.199389412859955,1
260,3150,2081,5.711892832788992,4391,Commercial,0.0423655877382445,1
261,3087,1627,8.27708628594095,4007,Residential,3.672711461726313,1
262,1706,1018,1.816463657616601,2189,Mixed-Use,4.180053748487299,1
263,876,1786,12.14794512158363,3792,Commercial,2.9155051025618626,1
264,4601,1182,7.8390299448880505,1743,Mixed-Use,2.7621676269341986,0
265,949,525,9.891302117649,4029,Mixed-Use,2.844479178706015,1
266,1130,1309,1.9648604603436932,3321,Residential,0.31233442135823963,1
267,1767,1727,13.924960156729025,2270,Commercial,4.105431495189497,1
268,1886,1975,17.802542749234206,2965,Mixed-Use,2.0848406811079374,1
269,4902,950,-2.0937007551021676,2448,Residential,4.310239858886896,0
270,3590,1820,8.297298382968462,1759,Commercial,1.1371155434098394,0
271,559,1652,5.548899758478463,1878,Mixed-Use,4.055071419900688,1
272,1559,2066,5.113122525154047,2182,Commercial,2.729500019081686,1
273,723,1085,12.017805857414466,1031,Residential,2.53903253203788,1
274,4453,623,16.251706230584308,3135,Commercial,0.7188300025973898,0
275,4656,1282,5.424348708906565,1657,Mixed-Use,3.1811602414437123,0
276,2767,546,11.794041290638386,2547,Commercial,4.467691618662858,0
277,3882,2002,6.187505492891653,2026,Commercial,0.048163518347856815,0
278,3347,2030,11.107174813214655,4162,Mixed-Use,0.012905921586794378,1
279,872,967,4.898204456172441,4858,Residential,4.627642799167458,1
280,3724,509,16.38913432207709,2558,Residential,2.2405924769472367,0
281,2675,1101,14.233617202517795,1552,Mixed-Use,2.78609836029833,0
282,1375,1414,12.839019888312414,2041,Mixed-Use,1.0164169303596422,1
283,4301,1165,15.820602527219974,3701,Mixed-Use,3.728582103463294,0
284,4471,719,-2.2234972020391903,4539,Commercial,4.480962473075668,0
285,4292,933,0.6134135096961391,2572,Commercial,4.189962713304054,0
286,4945,1791,5.244901540130555,2039,Mixed-Use,2.989440740922661,0
287,4383,1377,12.920496084769866,2080,Mixed-Use,2.4005595511264852,0
288,3673,739,15.479057213548055,2907,Mixed-Use,0.4017244639640649,0
289,2095,1305,4.239084690266165,1887,Residential,0.011394343584208433,0
290,990,2328,11.800803043709099,2671,Mixed-Use,3.671728539372877,1
291,2760,1579,14.463668866507687,2858,Mixed-Use,3.606809979347618,1
292,3303,1605,15.193838371595133,3594,Residential,0.2599434546355428,1
293,2622,537,7.921499175711625,3342,Residential,0.6315021408023036,1
294,3932,1788,10.531937626731125,4354,Residential,2.2256825619115457,1
295,3746,1745,3.596445111288754,4449,Commercial,2.9684361984941936,1
296,3740,1816,14.512880234345024,1060,Residential,0.883182284555577,0
297,2112,771,0.9695322463651075,3446,Commercial,1.8001378079117076,1
298,841,1593,3.833170707638019,2473,Mixed-Use,3.342603938481965,1
299,2924,1474,6.526747502818759,2009,Residential,3.077731470704881,0
300,2709,1786,-0.830892737468806,1040,Residential,3.946371222108924,0
301,3765,674,3.933165676266494,4851,Commercial,4.680773062907978,1
302,4804,1712,12.326294736116175,2910,Mixed-Use,2.6455377459614615,0
303,4353,1587,9.45775512606663,1496,Commercial,0.63329369205261,0
304,1896,1357,18.29700995808668,1665,Residential,0.5349511645405447,0
305,4624,772,0.8837565725402428,2238,Mixed-Use,4.275997797594911,0
306,2465,605,13.20952516839164,1368,Commercial,1.214581922680975,0
307,1830,1088,3.368041769155738,2501,Commercial,4.886108910622518,1
308,2143,2144,7.992424789240809,2793,Commercial,0.054132095227169,1
309,2310,1807,4.866058146448482,1725,Commercial,3.0792027751382243,0
310,3544,1007,1.2736929196049953,3543,Residential,0.05878123613804631,0
311,1295,1500,9.687965015845288,1666,Mixed-Use,0.48172506728532627,1
312,2814,879,3.2522250511321342,1060,Commercial,4.844927591224961,0
313,2002,2019,9.509496717897173,4808,Residential,0.052774982314999774,1
314,759,536,12.00152801526456,2705,Residential,0.3799671423045198,1
315,2733,929,1.0407687944715884,2902,Commercial,2.9241556674239484,1
316,3365,2398,2.0806376477347026,3776,Residential,2.2728306458865895,1
317,1272,1932,17.797946837652905,2685,Residential,1.997570644142448,1
318,4795,1812,17.62551271445633,2962,Residential,1.479640276479045,0
319,2219,784,-0.8413184869320953,3179,Commercial,4.526813814995614,0
320,2290,1374,1.8421910681101084,4741,Residential,2.5445718490440132,1
321,3783,1739,6.731352807290595,1118,Residential,1.9100348682575148,0
322,4365,1431,1.2031162682995251,3948,Residential,0.9899100585500953,0
323,2821,2018,10.91051062217286,3038,Mixed-Use,2.1130752598500284,1
324,564,1064,2.997629856243181,3563,Residential,2.7047309831008253,1
325,571,1427,1.5398529113375155,4446,Commercial,3.859722920917859,1
326,4893,2376,6.365169391865955,3821,Residential,4.600976508999954,0
327,1449,1807,-1.0005414873689817,1054,Mixed-Use,2.75047771766965,0
328,1785,2095,0.8837389589081752,3449,Residential,0.7276281800019357,1
329,977,775,0.7849044028520384,3239,Mixed-Use,2.670316177621224,1
330,4439,862,3.3431443056155543,4050,Commercial,3.458509617659731,0
331,2977,1106,14.948624612764272,3020,Mixed-Use,2.031317510658211,1
332,3583,688,12.717793975176424,4138,Mixed-Use,0.16227062906414513,1
333,1015,2009,-1.104047641871409,1414,Commercial,2.1148469092449766,0
334,3853,1503,4.624606176867008,3542,Commercial,1.5957342587948342,0
335,544,534,9.245283696027503,1402,Commercial,1.630898316946316,1
336,4871,1260,0.8778599495341317,2434,Commercial,3.8085552257055277,0
337,3860,2431,15.306624157081115,4108,Residential,2.047770021890086,1
338,3189,734,7.913196122801027,2428,Commercial,4.458552896780235,0
339,2224,2086,10.609613187845213,1899,Residential,1.189407333067215,0
340,1037,1990,1.71889045378847,2542,Residential,1.4042367233892712,1
341,3204,1976,9.188867115096702,3995,Mixed-Use,0.17650534132069295,1
342,3698,904,6.39760252787611,2559,Residential,4.0429831161679495,0
343,4922,2183,1.532523278261329,3843,Commercial,4.454577831319687,0
344,508,2194,3.1737958594976483,4051,Mixed-Use,3.306463035205799,1
345,4530,2490,12.640870385679197,2161,Commercial,0.8721670159349204,0
346,3760,2417,14.28928618417557,1011,Mixed-Use,3.3479393793722956,0
347,909,769,12.639013420663163,4216,Commercial,0.5891862721489377,1
348,4223,2280,6.393474307762411,4944,Mixed-Use,3.111311302121327,1
349,568,945,9.145424344042786,3461,Mixed-Use,2.2444606648161436,1
350,4667,2416,7.99165603674774,2235,Commercial,1.512274792752479,0
351,3865,2149,7.92260115562121,2117,Mixed-Use,2.121418945538873,0
352,2642,790,3.156988281494451,2555,Commercial,4.213400310622078,0
353,3830,851,16.448839426231068,1857,Residential,1.8114747952235803,0
354,4070,1071,15.814405622553501,3062,Residential,1.9131031278995647,0
355,1222,1773,15.152042654366445,2621,Mixed-Use,2.4737565545208446,1
356,1404,1574,5.0034265505444235,2545,Commercial,1.5095025681827823,1
357,4945,2338,4.481625685473816,1992,Residential,4.9939755930479635,0
358,743,1132,-1.2875641365568642,1973,Residential,3.9539881086280597,0
359,4888,792,16.83836614210325,4161,Residential,3.1459389659276935,0
360,644,1670,16.19015719251899,1739,Residential,0.29223578509850245,1
361,2082,646,7.495817489848977,1264,Mixed-Use,0.9260623400891277,0
362,4679,1209,17.704180535023625,3738,Residential,0.618276860038689,0
363,4959,1779,5.410503716431529,4716,Residential,3.7617679435204048,0
364,2193,2116,15.102783203958902,1548,Residential,2.7071424121727445,0
365,945,1690,4.701213210390822,3010,Residential,1.61695532342415,1
366,1761,1974,13.371682226866833,3501,Mixed-Use,2.335758411880658,1
367,1742,1512,16.79030384984997,2559,Mixed-Use,1.4363712480052726,1
368,1308,1716,14.97413902839068,1126,Commercial,2.1940608447698984,0
369,2756,1407,3.1745390369637048,1385,Mixed-Use,0.959817356245789,0
370,3000,1700,3.8504793090440983,3902,Residential,1.4582117258483955,1
371,566,1968,0.22963301142062376,3814,Mixed-Use,2.1736717620762946,1
372,3449,2389,9.951415197628942,4807,Residential,2.0268364498437204,1
373,3511,1136,18.195864622476417,2494,Mixed-Use,1.7902099513933933,0
374,761,807,-0.534436263342033,3741,Mixed-Use,3.5705964611536514,0
375,556,1584,12.497085008681088,3221,Mixed-Use,3.826679869181609,1
376,1726,909,-0.6042785832159459,4012,Mixed-Use,1.7118835420000933,0
377,1630,2314,5.571514154038298,3153,Mixed-Use,1.0370715823451677,1
378,4732,1230,16.291695391845273,1059,Residential,3.454720828267946,0
379,3120,1031,14.25496326433467,3739,Mixed-Use,3.107405365988277,1
380,4941,1759,0.8137721986459585,3117,Residential,3.8586338787950973,0
381,3465,576,-0.33877874915994255,4209,Mixed-Use,4.791016707786739,0
382,3903,1473,5.734853238624216,1906,Mixed-Use,3.397381424493573,0
383,1717,1076,7.3552931306708835,4953,Mixed-Use,0.8740405335013951,1
384,2150,1515,10.016497374787171,3583,Commercial,4.050480758050402,1
385,2588,1055,5.022401507431052,4584,Commercial,1.6411207226399323,1
386,2592,1006,17.415489626632592,4980,Mixed-Use,1.1209724212401562,1
387,3991,870,6.813713091495224,4795,Residential,2.7849368320335177,1
388,4969,554,3.3985280698527736,1564,Residential,3.6193700753907776,0
389,4951,1791,3.9512195088140762,1852,Mixed-Use,0.7569322308352977,0
390,1269,1422,18.09595438689141,4064,Mixed-Use,1.0686547042624794,1
391,3246,2340,14.396876799949064,1130,Mixed-Use,1.6257461550119934,0
392,2293,638,4.129536019165349,3645,Mixed-Use,0.11705728020464157,1
393,3960,1980,15.228403627664648,3812,Commercial,2.7673116410868444,0
394,1344,2390,5.771930451743597,1003,Mixed-Use,4.0347004141151315,0
395,1188,2105,6.745558432703447,4504,Mixed-Use,2.3703333071700876,1
396,1542,1810,14.665939184785193,2526,Mixed-Use,0.31818281109436686,1
397,1314,1760,13.408434046070289,4250,Residential,4.939320083871769,1
398,4125,1982,7.1897413529198255,3013,Residential,1.5031241218231528,0
399,1820,1962,8.076740306370363,2294,Residential,4.943825456022607,1
400,4467,1141,15.48729088857345,3265,Mixed-Use,2.4069251180452884,0
401,3250,1940,4.001350315591404,2618,Residential,0.5221684827418677,0
402,1101,1531,7.304964927803794,4478,Residential,3.484929481293455,1
403,4612,1818,4.134575459752937,1445,Commercial,3.7774449807961554,0
404,569,1706,3.6687302700012574,1495,Residential,1.335445279485627,1
405,3946,1659,16.109809956397,3477,Residential,2.401289276607754,0
406,1273,1422,10.368322231452705,1594,Mixed-Use,0.9088410749666975,1
407,523,1872,-0.24561945099796767,1572,Mixed-Use,1.352365142844218,0
408,897,1906,6.344359011458925,4838,Commercial,2.1638853455842972,1
409,1134,2200,5.726138589537447,3642,Commercial,1.925306721326681,1
410,589,1670,4.761903383328178,2414,Commercial,1.0824344101736583,1
411,2786,1905,10.221865213595851,2987,Residential,3.419865261844657,1
412,4348,2101,11.080192922450347,1707,Commercial,1.8178841636831784,0
413,3150,1780,13.720033098172117,2144,Mixed-Use,3.6470872577737627,0
414,1946,1613,11.850421496660836,3697,Mixed-Use,3.820145343775274,1
415,2087,847,16.544935654191242,1075,Commercial,3.3801516943830183,0
416,2001,2310,7.238210224418751,3245,Mixed-Use,1.371304036932417,1
417,4631,613,18.750243280411077,3525,Commercial,0.6576422005441535,0
418,2231,1485,5.735551830281217,2402,Mixed-Use,4.954194574953453,1
419,3413,1427,11.236910723445252,3117,Commercial,0.09618720637943501,0
420,646,1908,14.723961970929349,2693,Residential,3.543079236984524,1
421,2845,1115,9.484815263147313,1519,Residential,0.1230186581308701,0
422,2467,1822,12.531874160528805,4417,Commercial,0.9032346131342484,1
423,1709,1724,13.29225510303138,4447,Commercial,3.5608027447229444,1
424,2300,1380,9.322372305611974,3770,Mixed-Use,3.016385543855617,1
425,623,1090,13.110127476959192,4801,Mixed-Use,3.745933927487818,1
426,2076,1966,-1.9778469927100786,3638,Residential,4.5596526834667515,0
427,689,2285,0.18700123443578143,2508,Residential,4.8587097819738,1
428,1767,1448,3.142445217147147,2706,Commercial,4.779569457105419,1
429,1071,1726,6.823269980594038,3708,Commercial,0.7029008362731548,1
430,4834,1150,1.6719401342551774,3545,Residential,0.9140155313413584,0
431,3912,1002,2.2153880695966204,3263,Residential,3.6430996338943893,0
432,1420,847,6.0016771959424755,4965,Mixed-Use,0.8681952465335635,1
433,1361,2267,16.24156774347631,1956,Residential,1.753560457082592,1
434,4572,685,11.676132356428857,4892,Residential,1.3641472809481474,1
435,1589,974,9.563693015847376,1592,Commercial,1.1931770404065678,1
436,1566,1974,15.457936841704084,1129,Commercial,2.0904836643078313,0
437,2950,2250,6.570251066007151,1807,Mixed-Use,3.0446302562987935,0
438,808,716,6.286066683613357,1826,Commercial,0.6020319687518427,1
439,1835,1167,13.346748137540045,4382,Residential,1.3874411411582237,1
440,3843,1150,11.198114357702224,3476,Commercial,2.7749432990151712,0
441,1415,1124,6.567732287137353,4340,Residential,3.1189582048869835,1
442,4015,2237,15.728086505504923,3979,Residential,2.178027798957312,0
443,3219,2049,11.777686161873682,4939,Commercial,2.7285734018336734,1
444,2361,1511,14.525697041664566,4949,Commercial,0.3106561915547462,1
445,3421,1197,16.602259048844225,4998,Residential,0.21826618507790885,1
446,2280,1015,2.9776862034403218,1420,Residential,4.2064719068490755,0
447,1418,751,11.304789150712713,2381,Commercial,0.5467911445062368,1
448,521,1458,2.9640051075538176,2443,Residential,2.7712991933421307,1
449,4053,919,9.110420914520173,2213,Residential,4.397927673159839,0
450,4940,891,1.6037799568152225,1495,Residential,2.994684919878901,0
451,1162,593,4.821327281159043,4234,Residential,3.729969240737965,1
452,3440,1558,4.269314903538852,1097,Commercial,3.8483022447639565,0
453,4727,1401,3.5735885348610723,2367,Residential,1.3362844714101585,0
454,2127,1644,9.14902183880581,1153,Mixed-Use,4.755442095802495,0
455,2557,952,3.6893208351028113,1802,Residential,1.4119969230371743,0
456,1270,1304,12.427256279962618,4157,Residential,2.99865575810407,1
457,1077,1343,6.662737792715579,2290,Commercial,1.854359854901701,1
458,1753,615,4.974299975186442,3853,Mixed-Use,3.2813989997117736,1
459,566,2281,6.414848235746586,2367,Mixed-Use,3.4630305389183587,1
460,1588,1685,9.707658623194392,4873,Commercial,3.642447998485137,1
461,2440,1939,8.243973643941692,1951,Commercial,3.403527551362267,0
462,4523,1194,12.313824417261493,2102,Commercial,4.378426795502164,0
463,3384,1751,1.8933706252007356,1666,Residential,0.5444760586131964,0
464,4915,2416,2.5599556849030836,2297,Mixed-Use,3.239065584978975,0
465,1115,1046,13.415696704135586,4947,Mixed-Use,3.6930849936892134,1
466,2225,709,1.3385569046439132,2957,Residential,0.9653362669274351,1
467,3904,1723,-1.5760826770361693,1945,Residential,2.874582769034681,0
468,510,916,7.171736906375521,1810,Residential,2.61308745256769,1
469,1989,521,3.3642903170203295,3280,Mixed-Use,3.8843601367278424,1
470,1102,2081,12.555282704612788,2933,Residential,1.1484464005479078,1
471,4531,2316,13.640045388490407,3831,Commercial,3.80300668070893,0
472,3646,1909,9.119775506223103,1177,Mixed-Use,2.630618483424284,0
473,3369,1937,16.045502524964657,3599,Mixed-Use,0.9168242613366184,1
474,3320,2171,7.59662902571109,4280,Mixed-Use,2.1011104943641263,1
475,1280,1625,3.457298109672773,4005,Commercial,1.6042262679989872,1
476,900,1861,1.3818614211873328,3428,Residential,3.5885279973564046,1
477,797,1928,13.928805884242058,1704,Residential,2.8066346658426604,1
478,4346,516,9.252423534655406,2464,Commercial,0.9557099260362328,0
479,655,612,15.234497791154267,1859,Residential,1.4698726378337512,1
480,2410,1155,14.050541862980928,1593,Commercial,3.506232015130504,0
481,607,945,-0.10181351995554122,1784,Commercial,1.8787086213163895,0
482,1713,1453,2.9002527122804596,1863,Commercial,1.1167190765697006,1
483,2142,2117,5.861956481211666,3076,Commercial,2.9535962307325994,1
484,3049,2156,5.820893548801326,3277,Residential,3.1674208431363873,1
485,3973,2239,7.022158778313644,2408,Commercial,3.304900615325312,0
486,2293,1404,13.041556432242581,3428,Residential,0.7170311587404482,1
487,3295,2425,10.763379088085893,1020,Commercial,2.2321807316479725,0
488,1162,1551,1.434261764727843,4311,Mixed-Use,3.1656073545189454,1
489,1095,2194,1.3827829385477144,1795,Commercial,0.4474129518301856,1
490,2887,1125,10.436376114857158,3188,Mixed-Use,3.1280414529998373,1
491,2971,1473,2.789001381393871,2496,Residential,4.7509902332104215,0
492,3984,914,17.881303744672024,3660,Residential,1.0282370229401279,0
493,2709,1904,1.3502648182575259,3030,Mixed-Use,4.620205314028078,1
494,3092,1337,7.613480558488334,4873,Commercial,2.063407381194118,1
495,2103,1158,11.23502596710441,4147,Commercial,2.2524081757327634,1
496,4709,2011,14.440167098803004,2395,Commercial,0.7106219393752783,0
497,3166,1733,6.85497452437087,2478,Commercial,2.4688339735250784,0
498,4403,1605,2.611225362510993,2149,Commercial,3.8755859870679803,0
499,4910,2075,14.43716126383891,1805,Residential,4.330617052876934,0
500,4454,1802,12.60050561037748,3212,Residential,2.4361699928259704,0
501,1460,2323,10.5214795130733,2753,Mixed-Use,3.5337607822944412,1
502,1245,2408,14.060358374756044,3197,Mixed-Use,2.1011821983032686,1
503,3137,1490,14.630939733914017,3655,Residential,2.840547730404628,1
504,1178,1064,12.807692658574599,3252,Residential,1.4799587180440776,1
505,1575,680,12.182594966937629,1190,Mixed-Use,2.931244726750965,0
506,3556,1315,11.895799923780292,2701,Mixed-Use,1.7303178213901405,0
507,1861,1029,1.730460680800669,4444,Residential,2.9955347975148356,1
508,2742,1544,5.83888156221316,1917,Mixed-Use,3.9064877444426753,0
509,869,1311,4.194663357611136,2368,Commercial,2.656658643212633,1
510,1765,1784,6.22107074887034,2530,Residential,0.44803070448888815,1
511,2107,2182,9.483699966860286,1974,Commercial,2.99094792757369,0
512,4264,1654,-1.5210273010195954,1863,Commercial,3.5121490837426568,0
513,2577,797,11.718382191903025,1589,Residential,2.639370291316461,0
514,795,801,11.744118836613495,1744,Commercial,3.551498950179007,1
515,2037,2204,4.097429812342653,4518,Commercial,4.836774024183993,1
516,1949,1646,19.746211015041407,3590,Mixed-Use,0.04528307327292924,1
517,4547,1623,4.309355759601916,4989,Mixed-Use,0.5779371564337671,1
518,1971,547,14.459523198486089,1453,Commercial,3.3023748834905793,0
519,1087,1549,10.707302091250195,2584,Residential,3.608808495597299,1
520,3986,1463,8.173332613985652,1334,Commercial,4.7101493374405,0
521,585,2163,15.824062750787991,2467,Mixed-Use,0.9621692174363039,1
522,1584,1394,2.698846248493836,1656,Commercial,4.647236715780837,1
523,1238,1352,8.770430512326097,3119,Residential,2.409194755830668,1
524,2639,983,11.809204926233985,3187,Commercial,0.3990031876752609,1
525,1847,2074,7.626544752210949,2054,Commercial,3.708082248428399,1
526,4148,2038,6.14002463559321,1990,Mixed-Use,4.819843546318834,0
527,2818,2234,11.907019259345306,3956,Commercial,0.9852761259755283,1
528,2804,1315,-0.6930790014932429,4413,Commercial,4.756064879291334,0
529,3133,1567,0.7696883742903089,3138,Commercial,3.430921110942402,1
530,4928,1290,9.911755434971392,3631,Residential,0.6903545011848056,0
531,2490,2445,11.815333632410173,1700,Mixed-Use,0.8961179721204504,0
532,2189,1711,6.625627446880756,3193,Mixed-Use,4.636764646248523,1
533,1217,2119,9.804843772600346,4709,Residential,3.578707087573683,1
534,887,1952,11.177084090272368,3703,Residential,1.737639594346159,1
535,4662,641,10.454700527800245,1008,Commercial,1.273833378877075,0
536,3550,2427,8.47495130716708,2698,Mixed-Use,2.671190033260222,0
537,1612,2161,13.024218580311445,2973,Mixed-Use,2.1494906669016585,1
538,3959,1961,-1.722230445008352,2685,Mixed-Use,4.038263799972659,0
539,4148,2370,9.925938221855645,2833,Mixed-Use,3.6296542071055145,0
540,1577,1722,3.9297321071031357,2716,Mixed-Use,0.547969907960506,1
541,3987,1577,1.30967237730199,3765,Commercial,3.0352999633248445,0
542,3320,1842,11.992636882680646,1021,Commercial,0.5245546414283903,0
543,4085,883,2.377127736567548,1712,Commercial,4.79428999859256,0
544,986,2060,12.60786357627544,1993,Mixed-Use,1.7417748126374921,1
545,4550,606,3.9938914482020467,1312,Residential,4.644778067092557,0
546,3352,979,8.418528397323685,3216,Mixed-Use,1.6641947923793576,0
547,944,596,19.261281604159926,2734,Mixed-Use,0.33631394409934623,1
548,4861,973,0.7657224924993549,2687,Mixed-Use,1.6156321464847863,0
549,4408,1198,18.392903761335596,1739,Mixed-Use,1.3578871801412555,0
550,4970,1912,11.990208802160971,1572,Commercial,1.594528231704126,0
551,4704,2046,10.87184092275503,4991,Residential,4.441372476537556,1
552,861,1113,6.084521816431562,2098,Mixed-Use,4.964095646778984,1
553,1005,2012,8.761017422621151,2623,Commercial,4.071093645332421,1
554,1426,710,9.409775805232705,2415,Commercial,3.917930428194306,1
555,4042,2204,11.689141695147285,1694,Commercial,0.050584513146626486,0
556,4507,2434,1.6769224726583754,4596,Commercial,2.991321167904229,1
557,3309,1386,2.1340051757269953,4792,Mixed-Use,2.8956610019428486,1
558,3041,683,11.629850361279576,4786,Mixed-Use,3.2183919974517416,1
559,1319,569,13.745031048156257,4329,Residential,4.807295981732149,1
560,4868,513,7.757572304948251,1014,Mixed-Use,3.1806002181887703,0
561,1306,2104,16.91158955764049,3159,Mixed-Use,0.08249548362356585,1
562,1319,2289,16.51141623869521,1205,Residential,2.650437589758885,0
563,2798,1195,12.869075460056422,4555,Residential,0.1370031480018935,1
564,3509,920,12.474712133706653,2342,Residential,2.323851789190703,0
565,3789,2422,2.6907345083379766,3314,Commercial,0.5278087575975704,0
566,3568,2303,6.816316423930704,4557,Mixed-Use,4.322427576572752,1
567,4347,1736,3.614252761239128,3243,Mixed-Use,0.1927011803433254,0
568,886,1642,14.567532908428497,4873,Mixed-Use,3.746616241275242,1
569,549,1773,2.262522115518994,4880,Commercial,2.843728583417845,1
570,3900,956,9.902607516090196,4798,Residential,2.491536808914911,1
571,1714,1417,7.3340587165715,4884,Mixed-Use,2.655093345767309,1
572,3899,1271,10.323831044945734,3803,Mixed-Use,1.339754498521743,0
573,4158,2367,8.389535986485042,1245,Commercial,2.6004520399303495,0
574,2365,905,12.951512705159125,3373,Commercial,1.6361848556488057,1
575,2691,2277,16.22551850745686,2240,Commercial,0.5194408926493194,0
576,1131,753,10.546214434865835,3519,Mixed-Use,0.9186862484448433,1
577,2444,1735,16.609168857018062,2026,Mixed-Use,1.1556478714741263,0
578,4979,1839,2.4308812548275194,2260,Residential,0.46632402109048177,0
579,4935,2399,15.422507512488233,2468,Mixed-Use,4.027561906581786,0
580,2935,1218,15.588026518962176,1006,Mixed-Use,1.592558500380603,0
581,2742,2330,11.579481725506898,4158,Commercial,3.546194643114574,1
582,2191,1220,6.821968594335068,1856,Residential,4.687181298597885,0
583,3092,2380,5.322629827828113,3968,Residential,0.25842128110624474,1
584,723,1345,10.676216229489668,3226,Commercial,0.9274393479783366,1
585,1159,2053,1.0134819879928898,3255,Commercial,1.9002209731576798,1
586,3534,840,3.6800921778933313,1445,Commercial,1.0564980425100323,0
587,707,2236,11.913831161391943,2786,Commercial,4.740865731839304,1
588,2285,1669,3.3297932217928534,2748,Residential,3.3376900813059556,1
589,4474,2317,8.745880908048477,4084,Mixed-Use,0.3286993614394129,0
590,4917,1842,-2.606102116832427,3831,Residential,4.938817753617035,0
591,1209,1052,17.049197024448294,4749,Commercial,2.885299986368043,1
592,702,1317,14.916791574784211,2900,Mixed-Use,3.254111142372574,1
593,3860,1768,9.002177032328902,3816,Residential,2.4237124132792074,0
594,2463,816,4.332779995043758,4542,Residential,4.3010813486705946,1
595,2428,1616,18.810452431814458,4533,Residential,1.1868855298576164,1
596,997,2361,14.501560093771849,2148,Residential,2.600977252828996,1
597,2797,1062,11.055412310459097,2039,Residential,2.444767482454302,0
598,4955,595,0.24594955592448997,2484,Residential,2.792299897029753,0
599,2994,1433,2.7463354042404906,1448,Commercial,3.477080074881837,0
600,2597,979,6.347931611245469,1460,Commercial,0.6135057846776015,0
601,4949,1454,4.601320571533829,1599,Mixed-Use,0.967010940161877,0
602,3995,1901,15.22532441749326,4639,Residential,4.516654517887149,1
603,3444,1026,5.491672970461736,2098,Commercial,4.0073946656228,0
604,670,2041,15.629831674675069,2353,Commercial,1.6981499531108268,1
605,1612,1777,13.961745287729741,4235,Mixed-Use,0.6320671364944919,1
606,591,1817,11.514850043957246,3331,Commercial,1.4846986899586911,1
607,556,1035,16.13203846815429,3914,Mixed-Use,2.005754099462382,1
608,1654,1684,6.748593822087064,3362,Residential,1.0275815984363028,1
609,674,1488,5.347928222056586,3488,Commercial,1.047384280264717,1
610,4012,1584,9.174964701180937,1334,Commercial,2.9655673825699624,0
611,2685,1041,17.707145853971397,4180,Mixed-Use,2.0939244352914987,1
612,4533,1874,9.814523350643572,2276,Commercial,4.689105349881886,0
613,2515,1782,14.131249712764223,1459,Mixed-Use,0.6891376758677986,0
614,4953,1146,16.016332943207935,3870,Residential,1.2661839239753787,0
615,2107,1691,5.335649625197589,3065,Commercial,2.0466703473031957,1
616,4448,2253,10.587354073671083,3961,Commercial,0.2671285783967675,0
617,990,1523,15.20152769380125,2392,Mixed-Use,1.053011563010312,1
618,4331,2224,-0.3110444070915024,2759,Commercial,1.9184595238583746,0
619,1754,1804,9.549347431072306,2629,Mixed-Use,0.5374619076472015,1
620,4730,1156,10.538863856631329,2830,Residential,2.9255440661356875,0
621,2828,1401,15.598873603120047,4264,Commercial,4.317918084831675,1
622,2811,2263,13.625417584019662,3488,Mixed-Use,0.1856429559238565,1
623,2782,658,8.649685469103256,3200,Mixed-Use,1.042741207634349,1
624,2759,1669,7.253471890895086,4604,Commercial,0.12537924749823126,1
625,3123,953,4.731668876473487,4875,Commercial,2.65665996086688,1
626,1921,1547,13.605869680134829,4132,Mixed-Use,1.1898134418751045,1
627,4449,741,15.884398946900287,4888,Residential,0.36974648329489934,1
628,3774,1834,12.2602418293579,2429,Commercial,0.15007316161948503,0
629,547,1493,3.7032965145877905,1587,Mixed-Use,2.437089002866801,1
630,1602,2033,2.8718604208012235,2623,Residential,0.7249837582266799,1
631,2029,2105,12.930072239389197,1508,Residential,1.4822588295405092,0
632,2703,2363,11.21331375533425,4569,Residential,1.4567470412166,1
633,3176,1455,0.5563815410688422,2069,Mixed-Use,4.144255732872229,0
634,2708,1954,5.5710196523176245,1639,Residential,2.071596083651219,0
635,2946,1059,9.483817365387775,3258,Commercial,2.0223406797046035,1
636,1434,1985,14.614317596648268,3588,Residential,3.5131168765793057,1
637,2886,1085,12.95361458760258,2944,Mixed-Use,4.769072715191446,1
638,3657,2429,7.670612921475101,3717,Residential,4.403539142688235,1
639,3981,699,11.670129737310395,1289,Residential,1.3193301334236274,0
640,4899,1575,17.410392814794154,4899,Commercial,1.9839313277973432,0
641,3127,1492,12.322387802806556,1544,Residential,0.68815931302175,0
642,2726,617,14.518375999929647,3032,Commercial,2.3642577327176664,1
643,3189,2206,16.069301345590226,3841,Mixed-Use,0.9855142947054457,1
644,2480,1642,-0.008647982712863822,1224,Commercial,2.5304915541625403,0
645,2966,932,12.582474013370609,3239,Mixed-Use,0.28544360041882155,1
646,4411,1679,5.707241980064219,1776,Residential,4.200841962782291,0
647,3845,1482,19.546676146099205,2524,Residential,0.4440771854763209,0
648,1167,2008,15.048228860518229,1480,Residential,3.9918149988801095,1
649,4973,777,-0.5524502383914864,4664,Commercial,4.654563251749661,0
650,1128,1129,2.2108737696288205,3715,Mixed-Use,0.028824748998306227,1
651,600,1076,0.6178381225485277,3630,Mixed-Use,4.0909601371970545,1
652,4267,535,9.628685781175697,2497,Residential,1.133091881371315,0
653,2577,971,0.47879453894429924,1009,Commercial,0.9757388825872987,0
654,1277,1605,-2.905325614838532,3341,Mixed-Use,4.947310939098366,0
655,2642,1179,11.799333920441306,4990,Mixed-Use,0.619550369007898,1
656,4383,1423,11.849424676322649,3267,Residential,2.2800367915884925,0
657,3912,1079,2.6373125958187966,2243,Residential,2.862148686092972,0
658,1959,946,1.7596242237003894,1196,Residential,2.4772441323053727,0
659,1772,2366,14.626872554694588,2653,Mixed-Use,0.7562415752519069,1
660,1264,1952,17.328555112749928,4720,Commercial,2.3680372329668704,1
661,3226,918,2.3359830065237768,2929,Residential,3.712537803809292,0
662,3036,1028,6.840110265150225,2603,Residential,3.5023564917668897,0
663,4302,971,16.016149165640503,1731,Commercial,3.273882783190433,0
664,3182,722,7.748785928482252,3360,Residential,0.7550881096012219,1
665,4312,626,0.4910722343603555,1795,Commercial,2.51917016161928,0
666,872,892,4.444241794309876,4286,Residential,4.327323643575834,1
667,2880,1211,13.163509674479826,1737,Commercial,0.6744801874062767,0
668,4235,1392,9.776951039098861,4543,Residential,0.9442998691265031,1
669,4335,1850,-1.7633876618324955,3709,Residential,3.008678863570495,0
670,4835,2249,8.639938482316296,2684,Residential,1.0063402139428579,0
671,2531,1597,3.248059959725526,1994,Residential,4.927438095277124,0
672,526,1994,12.848313168285998,3024,Commercial,3.774309206557086,1
673,4888,2302,4.189601147456317,2782,Mixed-Use,3.2779271239583245,0
674,4458,774,0.8372195292436051,1745,Commercial,2.68490103927224,0
675,1679,742,9.718392311479942,3227,Mixed-Use,3.089253677882467,1
676,3827,1525,7.413428605091225,2279,Mixed-Use,3.574238184589124,0
677,4167,587,19.17349571769925,2151,Commercial,0.5498898423078974,0
678,1079,1534,15.437238540647535,4646,Residential,4.468145859685496,1
679,2471,2130,16.294453595767934,4866,Mixed-Use,1.306513914723727,1
680,2920,531,-0.5055034455510348,3190,Mixed-Use,3.402912842057968,0
681,4113,2214,13.242737862950086,4577,Residential,3.8590362740926127,1
682,1784,608,4.896117166293374,4287,Mixed-Use,4.274429346465192,1
683,1118,1105,4.420507297132957,4369,Residential,2.9821881301602366,1
684,2588,2268,16.436049073847318,1444,Mixed-Use,3.457734971287032,0
685,675,2214,13.748972221212782,2386,Residential,2.9789617149222076,1
686,2571,544,-1.6820146907405271,2246,Mixed-Use,4.808269635752333,0
687,4431,1398,1.6102035600356457,3758,Commercial,4.319709306276391,0
688,851,1618,2.1842780238037696,3566,Mixed-Use,1.9810092593682098,1
689,569,1473,3.226824007339343,4986,Commercial,0.5850769219728219,1
690,4111,1540,2.6089667383486175,1800,Commercial,0.20667931895567926,0
691,2908,1951,4.483989467882654,4746,Residential,1.284516520830291,1
692,1823,1299,0.5586947439073149,4089,Commercial,3.0948305722395886,1
693,4848,947,-1.9861550938213681,2234,Mixed-Use,3.0351087198991635,0
694,2290,2452,9.133655561291183,4315,Residential,3.72030243272957,1
695,4187,2244,1.578560222663418,1571,Residential,4.1367635263227145,0
696,2364,2480,15.6575606709751,2204,Mixed-Use,3.9593822623842048,0
697,1259,1512,10.373622162540805,2702,Residential,3.112708088303224,1
698,2813,1669,12.552709567600655,2509,Residential,1.1507703506857285,0
699,1989,871,5.891881118662299,4142,Mixed-Use,3.1620718156357426,1
700,4387,1070,4.743251074880838,1455,Commercial,2.9514506630748083,0
701,711,2245,-2.2656569550158268,4204,Mixed-Use,3.450761048592856,0
702,3937,1436,2.5564657472511616,3761,Residential,2.5450000096445944,0
703,4867,1537,13.97097734602638,3688,Commercial,3.7768580677208807,0
704,4393,850,1.8324142641506924,4506,Mixed-Use,4.4079588674016215,1
705,2280,1826,15.451550359190836,2022,Mixed-Use,3.6371397960631633,0
706,3460,1255,6.0639849869437255,2951,Mixed-Use,0.7986376153556274,0
707,628,938,6.8253789104176485,1535,Commercial,3.9714156163321936,1
708,4548,1412,2.123149500807013,2969,Commercial,2.2992167799312146,0
709,4399,504,0.5696285857430223,3071,Commercial,2.863949434422368,0
710,2147,1387,6.082595617622281,4748,Mixed-Use,4.911774185051294,1
711,4505,1602,0.7886146133881891,4583,Mixed-Use,4.308789398859568,1
712,4283,2186,5.122922495338748,3912,Mixed-Use,1.3642543770839977,0
713,3548,2345,10.006781029796025,4889,Mixed-Use,0.7917620533287134,1
714,1192,1082,11.709385248728804,1561,Mixed-Use,2.9823968226985498,1
715,734,1514,2.8145352717928906,2658,Mixed-Use,3.1006947322894964,1
716,1709,1093,14.076941266577837,2624,Commercial,2.371740551170153,1
717,3219,783,7.359186708059729,2228,Commercial,4.7888930018948415,0
718,3091,713,5.523665763426294,2230,Residential,3.1024297953782813,0
719,1849,1403,8.843806489179844,4236,Residential,0.9811492795988963,1
720,1128,1079,17.070537238991985,4012,Commercial,0.6904184513713996,1
721,1047,2387,2.6631510718831644,1506,Mixed-Use,4.786017848868557,1
722,3878,2400,11.369634471124924,1935,Residential,3.6151057463409657,0
723,2874,1903,0.45235832085385486,2843,Commercial,1.9523960893032855,0
724,2512,2352,9.733311618947537,2813,Residential,1.9651552836097412,1
725,1973,2330,8.330245260220796,1144,Mixed-Use,1.7827223026476546,0
726,1666,827,8.75996057092825,2512,Residential,0.9453304368157833,1
727,1395,1905,6.609043752500513,2459,Residential,0.8977714860849006,1
728,3409,1129,4.766234588968777,4199,Residential,0.09714101582146528,1
729,1035,1267,12.542490277327222,3421,Commercial,3.6425326863591954,1
730,4959,2097,13.02920153719477,4603,Residential,3.285218110874303,0
731,4873,1625,12.494809973039944,1965,Commercial,1.4038769219450553,0
732,4401,2167,-0.8790889158301494,2837,Residential,4.697339712925887,0
733,3061,609,3.681185029605918,1773,Mixed-Use,3.4912411820662284,0
734,4837,1721,16.691438704376566,3925,Commercial,1.684162893667166,0
735,2970,836,5.643356476557645,2964,Mixed-Use,2.0027081167139666,0
736,3369,1558,-0.5573359300960652,2339,Residential,4.684105335891457,0
737,1665,1104,14.775137831176549,2224,Residential,0.01480828409430035,1
738,2075,2237,5.3443594760913875,4814,Commercial,2.326119170008853,1
739,3230,2243,10.837160174384126,3976,Residential,0.39476063685894236,1
740,1797,1709,-1.6621920056276038,4673,Mixed-Use,3.1422861573300027,0
741,2567,2478,12.110227354909565,2001,Commercial,2.804914317032252,0
742,1333,2050,3.137838040455054,2889,Mixed-Use,0.6921215308865658,1
743,957,1749,8.05123336496101,1637,Commercial,1.642805421567567,1
744,2492,2405,12.85199262541164,2630,Commercial,0.6662254539775603,1
745,3130,1974,2.1443324821707916,3945,Commercial,3.4991428472889536,1
746,2175,1284,10.290273857675816,3648,Commercial,3.695503592289915,1
747,4091,789,14.907550486280817,2194,Residential,1.412082340968298,0
748,2976,1818,2.267629009116613,1026,Residential,1.2996977761557393,0
749,1160,1385,9.397095837406066,2311,Residential,0.07757241263026404,1
750,4560,2338,1.9181539984051792,1631,Commercial,4.7891374095622465,0
751,1551,2407,6.854162614655637,2002,Mixed-Use,1.4144550905391635,1
752,4576,2058,12.761282039351915,3781,Residential,3.2433230131747885,0
753,4976,2056,7.551647881574035,3318,Commercial,1.2546140395548884,0
754,2125,2207,11.231808774399687,2450,Commercial,0.755640697416608,1
755,4791,947,3.000324671201324,3302,Commercial,0.4855842160355417,0
756,4404,1993,10.008067586997164,1204,Mixed-Use,4.545931967453493,0
757,4621,1527,2.7047895713623054,4267,Commercial,1.649597920597039,0
758,2348,506,8.29149912479317,1516,Commercial,2.3652549370993867,0
759,801,2066,15.098439980946186,4852,Mixed-Use,2.0482856814723,1
760,2554,1621,4.049216245732348,1194,Mixed-Use,3.6720244941776077,0
761,4299,2475,11.20373641123054,2130,Residential,1.430857207782007,0
762,1411,860,8.834578947433162,1315,Mixed-Use,4.966524166480647,0
763,3461,778,14.171099067755744,1058,Residential,4.163715852846134,0
764,1981,988,4.357828857791857,1350,Residential,4.8639367053516604,0
765,3145,1463,8.727782629674689,4370,Mixed-Use,4.891076331253287,1
766,1110,1948,7.157526857723696,3713,Residential,0.211783650431423,1
767,2813,2285,8.494785897155298,4449,Commercial,2.3262090200159644,1
768,3615,884,1.2285902854710606,3297,Residential,4.912182885977955,0
769,4155,1679,10.496116163777078,1760,Commercial,3.64106161204523,0
770,4844,2459,3.3403888385111955,1629,Mixed-Use,4.78283820363265,0
771,1045,965,-0.22659481484314803,3310,Residential,3.4105214031193167,0
772,820,1102,4.472862020359212,3650,Commercial,0.964386239141472,1
773,2638,1760,11.924185882257577,3278,Commercial,3.7031021469730696,1
774,2147,2024,6.9052679405489545,1742,Commercial,2.6907287140258696,0
775,2142,987,2.6709917226041666,4910,Mixed-Use,0.4836302899416267,1
776,3137,1383,11.705131528948801,1401,Residential,3.927744991729058,0
777,2166,2295,15.68445398840701,2564,Mixed-Use,0.5534605191666386,1
778,634,2333,11.860543392062395,2400,Mixed-Use,4.137841563804054,1
779,4114,1181,14.857603953041846,3731,Mixed-Use,4.7863802058265215,0
780,3403,863,11.509772057380633,2764,Commercial,4.959911558277899,0
781,4393,1972,3.588004036077943,1745,Commercial,3.343799345635203,0
782,4503,1763,0.8623769945393485,3615,Residential,1.6871450109654118,0
783,2430,867,2.046610450147292,2570,Residential,2.3086301820266826,1
784,3453,567,5.26468652082316,2110,Mixed-Use,1.858419196363642,0
785,3868,2099,11.612167322825474,1613,Residential,2.899565930596057,0
786,2505,766,4.633921612788517,2941,Commercial,1.7295447910444606,1
787,1718,1419,3.01261991058291,1654,Residential,0.8755953034800346,0
788,1605,2059,14.036840120159432,3243,Residential,2.7130957089801706,1
789,4907,1478,8.255122933109742,3532,Residential,2.9802331686816617,0
790,2312,631,0.27947359059615096,2741,Residential,4.622489486178479,1
791,793,1258,11.300890479902787,2222,Mixed-Use,0.943960914791519,1
792,2177,2133,13.070195554365316,4391,Residential,4.537065974622107,1
793,3268,1161,-2.837145144271363,4654,Commercial,3.9026178306498114,0
794,1542,1312,1.8815628691562747,1347,Commercial,4.561588598731568,0
795,562,558,8.906652428133256,2911,Commercial,2.0205217583707844,1
796,4526,575,1.2403361267519308,4170,Mixed-Use,3.523652518532873,0
797,3414,1650,6.154762799286244,4495,Residential,2.5287706782150026,1
798,3756,1029,0.3310158815570583,4093,Residential,4.585883709267257,1
799,4523,791,9.300248196266812,1274,Residential,4.681779423577556,0
800,3100,2069,12.594940632295787,4652,Residential,1.9723661812720406,1
801,3711,1663,19.278544773911825,4767,Residential,0.40114374749787407,1
802,3611,1398,7.0041398764520135,4654,Mixed-Use,2.092681415628954,1
803,2076,1427,9.278887009163888,4826,Commercial,1.687044292229793,1
804,856,1128,5.824634737555385,3685,Residential,1.27730664516855,1
805,4257,539,1.0298884105973427,2366,Commercial,1.9131019991701692,0
806,2848,1433,17.18185144852831,2430,Commercial,2.6207958815865124,0
807,594,2189,12.22283282979646,2993,Residential,2.0329216968874935,1
808,3189,2332,10.16592343529717,2317,Mixed-Use,4.5355851875184054,0
809,2100,2229,3.000097957982619,2534,Mixed-Use,0.5782274095237383,1
810,795,1419,2.3682465699805064,2301,Mixed-Use,3.222752837029839,1
811,2519,1106,-1.5401794811872778,1653,Residential,2.751799804824551,0
812,2556,1955,9.173633651944458,4215,Commercial,0.37561730841215113,1
813,3358,2321,0.8463442716599179,4254,Mixed-Use,2.1545958869218547,1
814,4489,865,10.043521402597317,2506,Residential,2.236568326339601,0
815,1248,2334,1.4173732560655927,4681,Commercial,3.0629313433778145,1
816,4490,2141,4.083523007437625,4185,Mixed-Use,2.673058438803977,0
817,4120,2277,3.0241056155284265,4352,Mixed-Use,2.308089465230427,1
818,638,2495,7.41764680500543,3512,Residential,3.425665500286091,1
819,3216,2064,8.104443569442177,3647,Residential,3.6398897333216547,1
820,1721,2090,4.283319109386365,1544,Residential,4.656070701862019,0
821,2439,1285,-0.4462297316584456,3267,Residential,4.690935472600235,0
822,4897,602,15.169759002181726,3151,Commercial,2.603086496687295,0
823,3056,1401,10.890668310614666,1753,Mixed-Use,0.7508033035608275,0
824,4563,1651,3.9730669317733556,3791,Residential,3.3040812071986982,0
825,758,1864,7.5989509482432425,1922,Commercial,0.7039047718662311,1
826,1306,949,12.04947761120458,3099,Commercial,1.028130722648652,1
827,4995,1390,4.365817164614111,4061,Mixed-Use,4.647576042470815,0
828,3978,609,2.359203104468238,3144,Commercial,0.5787860382130705,0
829,1011,954,1.7632815748102622,4676,Mixed-Use,3.460364622623835,1
830,4566,697,4.92428305141665,2596,Residential,0.45786424437793904,0
831,4928,2429,13.657581102275966,4298,Commercial,4.642563514296395,0
832,1067,2153,2.0916992535061283,4845,Mixed-Use,1.970975219361355,1
833,3397,2095,6.5803555334280945,1861,Residential,1.4743366733053442,0
834,2224,953,13.692885981939561,4410,Mixed-Use,1.7589350877863807,1
835,669,1072,1.63052420814292,4433,Mixed-Use,1.3513679336258027,1
836,3371,1403,3.4326213404839976,4391,Commercial,4.983872435866235,1
837,1101,761,-0.13441294947071203,4205,Commercial,4.549976425837156,0
838,2465,1631,-0.7541181473687701,4654,Residential,4.535035136612208,0
839,3659,761,13.79049576537786,2313,Mixed-Use,0.14080835032963868,0
840,4400,2406,14.816777412692392,1551,Commercial,4.385384511669522,0
841,558,1887,15.673213011886782,1274,Mixed-Use,2.654732995873579,1
842,2694,1219,6.36375077918619,4331,Residential,0.8124759874688553,1
843,1627,1752,1.6534449641706321,1088,Residential,2.265274165203914,0
844,4154,2442,4.567767910162862,2051,Residential,4.969899896311571,0
845,1302,1241,0.500320565391385,1577,Residential,0.8319689750754705,1
846,1519,1562,1.459562439679916,3342,Mixed-Use,0.7054416764835847,1
847,3092,1450,8.38784269915815,1263,Mixed-Use,0.3626163755405015,0
848,2324,1354,4.698133528185425,4389,Commercial,4.808859713224795,1
849,3178,1840,10.649775537345043,3192,Mixed-Use,1.6707506820643547,1
850,1581,1207,7.995664278321001,1871,Commercial,0.8978232909758443,1
851,2269,1451,10.229922964180874,4452,Residential,2.7568121873019855,1
852,4048,1980,8.658119389048194,2178,Residential,4.188265123493059,0
853,630,2055,9.431535733235068,2235,Mixed-Use,2.416107923663599,1
854,4700,573,8.628481221214962,1779,Commercial,1.8367120490660378,0
855,2860,1986,4.436191387577356,4948,Mixed-Use,3.582430575187818,1
856,4853,2414,14.71813639470892,1842,Mixed-Use,1.4312330556213353,0
857,2547,2014,11.040921239590642,2068,Residential,2.9173219383185423,0
858,4927,1195,10.291443251412163,4421,Residential,3.821360678686787,0
859,991,1605,7.4709853940600555,4552,Commercial,2.842680464934353,1
860,2994,848,17.889849031862596,1366,Commercial,1.950223213156148,0
861,911,2256,-1.952312485341086,4639,Commercial,3.380687602497753,0
862,691,966,-0.49112074648716586,2584,Commercial,2.6594445961681723,0
863,955,2083,16.688499675699592,4831,Residential,0.9688684984087087,1
864,716,2287,8.409902000232531,1981,Mixed-Use,4.226323140594357,1
865,3688,1386,13.712705332571261,2713,Mixed-Use,0.8468664509700874,0
866,1108,1879,5.238110666966438,3304,Commercial,3.021421821371319,1
867,1642,1794,12.661181201257309,4272,Commercial,0.47836359654429783,1
868,4327,665,5.011796422226888,2457,Residential,3.6376257927365847,0
869,4613,1887,12.623800794596537,1518,Residential,1.0060432371058403,0
870,2869,1849,19.342312750410457,1171,Mixed-Use,0.4416383497974663,0
871,3971,893,8.92197438421063,1894,Commercial,4.989366739913837,0
872,2029,1843,17.493773490841452,2964,Residential,0.7978396876194876,1
873,4692,1303,8.002191314912764,2476,Mixed-Use,1.0569737575870057,0
874,2624,1402,13.509969524520239,2278,Residential,4.156873891680769,0
875,1876,2366,6.42168427170775,2425,Residential,1.3416127778434124,1
876,1327,1012,18.515597605206523,2980,Commercial,1.1302801760601677,1
877,1924,740,13.570866275406718,1005,Mixed-Use,2.441478340532531,0
878,3269,776,6.145987209090139,1577,Residential,2.833154707927049,0
879,2600,757,3.344879619773864,3760,Residential,4.716026735703006,1
880,3988,919,13.309802130185584,3476,Residential,4.039035390815784,0
881,4070,2064,5.109724988304138,3869,Residential,1.3753458816424002,0
882,2128,2490,1.0364433867343443,1303,Residential,4.405690823389615,0
883,3072,907,14.169196552820106,1396,Mixed-Use,1.5181666713190611,0
884,1633,1148,16.729314572908322,2219,Commercial,0.44207938342020525,1
885,2257,2073,3.1255269589114256,1916,Residential,0.7827362447650038,0
886,2991,1255,6.981534173720757,4305,Mixed-Use,3.3549597253624364,1
887,1487,1315,10.313882175179788,1706,Mixed-Use,2.634688064823607,1
888,2527,2426,6.334979065556339,1910,Residential,0.12494202379757124,0
889,1200,2077,7.761496564280577,3705,Residential,4.4273847633560575,1
890,2023,2154,12.744681565832153,1382,Commercial,0.6753124909025665,0
891,3334,809,0.4936926408287956,1343,Residential,1.7280013582605624,0
892,4727,869,2.0461177296484916,3426,Mixed-Use,2.5188573161141745,0
893,4571,2107,7.0375851959392985,4063,Commercial,2.1938890182306086,0
894,880,1950,10.439986770965241,1176,Mixed-Use,0.11697676343466301,1
895,1781,997,11.575277985802703,4829,Commercial,2.8643897051615577,1
896,1966,2483,2.259299581507883,4030,Commercial,4.190999268475401,1
897,3746,1452,13.76687156212304,4502,Commercial,0.2247144223275893,1
898,730,2417,16.108971806555026,1938,Mixed-Use,2.1699796102433755,1
899,3087,2083,8.28646085260945,4389,Commercial,0.21574049654961514,1
900,1096,1353,-1.6780661229676954,2623,Mixed-Use,4.496442242910414,0
901,4484,2247,5.042592921540624,4077,Residential,0.3818570556893425,0
902,3425,1568,10.904882944344905,4065,Commercial,1.4303420242092857,1
903,2540,1138,3.6652614069706306,4316,Commercial,0.5338688642522638,1
904,3073,1354,11.903670327383143,2778,Commercial,0.596834726365798,0
905,2895,1716,1.280354185238064,1306,Mixed-Use,0.4468112527700252,0
906,4671,1565,16.103730928624003,3085,Mixed-Use,0.5271537535859433,0
907,1067,2053,18.233241824653145,1122,Residential,1.2905141063551056,1
908,4567,1196,3.7277088795994566,4433,Residential,0.04068227324379281,0
909,1748,1716,18.5706722815368,2965,Residential,0.694108248195282,1
910,4441,674,-0.2323610956410782,3165,Residential,4.176316089029507,0
911,1578,558,16.395003958788646,2271,Residential,2.5062511397140157,1
912,1963,873,2.343306221894516,4275,Commercial,1.2123071901696925,1
913,1531,2293,15.17478259194987,1180,Commercial,4.479991498237718,0
914,2700,1885,-1.6701017806028156,3665,Mixed-Use,4.673859351231434,0
915,4327,1609,0.3547151845121954,1714,Mixed-Use,0.9355320816833945,0
916,2755,2385,5.108322213263014,4584,Commercial,0.8064564001280056,1
917,3248,1192,17.9464695373458,1729,Commercial,1.2867058246939882,0
918,1743,1279,0.22240028363833364,3992,Commercial,2.8219943994969254,1
919,2984,555,13.022453117300163,1644,Commercial,3.444054413180435,0
920,3179,1110,16.42187209309536,4660,Commercial,0.2696153724958972,1
921,1799,2472,1.7129362959905499,4425,Commercial,1.6267920129547782,1
922,691,2201,4.514708842409151,1811,Mixed-Use,1.52036830512978,1
923,4500,763,12.660983699008359,1733,Residential,1.5234281494383,0
924,1247,1877,5.701592279907911,1844,Residential,4.720635496821546,1
925,2960,602,14.430605041370477,4963,Residential,4.770325521337502,1
926,534,1591,2.900798283218895,3367,Mixed-Use,1.4205550939614846,1
927,855,1086,19.144005327243928,2711,Commercial,0.6613896417740694,1
928,1124,2413,2.634577082212285,2200,Residential,0.2543563293844231,1
929,3830,928,18.013807954798327,2404,Mixed-Use,1.2660623622075389,0
930,2201,2066,17.539264011081343,2403,Mixed-Use,1.2765391213708022,1
931,841,2490,0.678152206012621,1562,Commercial,3.5611166173750908,1
932,644,620,2.5238845627059003,2089,Mixed-Use,4.262291267374122,1
933,1064,2367,1.7894224200009745,1357,Commercial,0.9492225913813979,1
934,1313,2045,8.7343986915506,3705,Mixed-Use,1.5648427914837126,1
935,3943,2114,-0.1145920308378301,3202,Commercial,3.662058510990268,0
936,3001,2079,3.8707298698225916,2329,Residential,4.756535769984994,0
937,2347,2351,6.212462576030958,1467,Commercial,1.7691993806949928,0
938,532,2052,10.38704767536119,2621,Residential,3.486100677952661,1
939,4907,1250,6.921357514757541,1606,Mixed-Use,4.155137517201061,0
940,3659,2410,11.927536417212405,1118,Mixed-Use,3.9754830961994587,0
941,1574,1156,8.754131544528818,3937,Mixed-Use,4.04815422032292,1
942,740,893,10.035931288173424,2762,Mixed-Use,0.8299105705979193,1
943,2737,2462,15.410778578121095,4510,Commercial,2.7662390225425337,1
944,3119,2422,1.4003283999277336,2232,Commercial,4.175172233536105,0
945,4936,2166,-0.17727203088057175,2169,Commercial,3.8610036249210284,0
946,917,1868,10.405227339135056,3523,Mixed-Use,4.126457166972144,1
947,1554,1096,18.861615290571848,1321,Commercial,0.6644038920879913,0
948,1335,1361,5.026891282090638,3879,Commercial,0.2280918481993116,1
949,3325,1081,13.350521017587795,1096,Residential,1.0651142263665525,0
950,2809,1669,2.82239191251308,3974,Commercial,3.736444837136996,1
951,2075,1174,1.2840910849942584,3358,Residential,1.6041905342841494,1
952,4300,1149,5.386942926968845,2233,Mixed-Use,2.900112723143292,0
953,1878,1730,7.844016206994555,3995,Mixed-Use,2.910340861637577,1
954,2065,1877,-3.693682042747978,1833,Commercial,4.777749433669681,0
955,4649,1397,5.92433652164286,3298,Mixed-Use,4.265341133980226,0
956,1774,2315,14.168942698635451,4939,Commercial,4.828014535084468,1
957,2573,643,11.197993277067926,3667,Mixed-Use,4.309858479315843,1
958,1836,1472,2.682678373927172,2503,Mixed-Use,2.242164141695283,1
959,3921,2294,0.11030666905993369,2778,Mixed-Use,2.324328406976704,0
960,641,1002,10.925547956895755,4795,Residential,4.257143590911532,1
961,3360,1058,14.842077167773304,4835,Mixed-Use,4.349075037408542,1
962,3653,1931,-1.1391264616855308,2197,Residential,4.961238173667366,0
963,3736,744,9.754834086799939,3553,Commercial,1.8315778556873492,0
964,2503,691,12.456106712494236,4040,Commercial,3.544200051415845,1
965,4832,670,17.576115009359135,1297,Commercial,0.22060331803491984,0
966,2229,2005,11.569464136619331,2910,Mixed-Use,2.2791127705377088,1
967,1520,970,13.95992866971848,2894,Residential,0.9687092112032392,1
968,2243,2422,14.799879520405014,4279,Commercial,2.1535281427880326,1
969,4910,2136,7.509336143166069,3635,Commercial,2.0338401661502776,0
970,2667,2136,11.672429011567214,2081,Mixed-Use,0.941987026490535,0
971,2088,2306,-1.3414363783428427,2886,Mixed-Use,2.870760435436233,0
972,4198,761,5.534433037385799,4444,Mixed-Use,2.761436949865523,1
973,3236,1973,11.104031140731754,2089,Mixed-Use,0.7412574152141449,0
974,4098,2145,9.612364217427807,3423,Residential,4.445042313728208,0
975,2211,501,8.948888668921867,3494,Mixed-Use,4.266626524822554,1
976,1160,1833,3.34418233142574,4580,Commercial,4.111581101039429,1
977,3830,2078,10.404763674440227,2588,Residential,2.10348049274125,0
978,3983,1900,1.835215745818246,2382,Commercial,3.493363291207146,0
979,2850,2132,1.8330188034319255,2140,Commercial,3.5569198692914936,0
980,3100,1257,7.1762018621405845,2206,Mixed-Use,3.7821757367844553,0
981,1430,1630,14.154012788421362,2122,Mixed-Use,2.753181551052685,1
982,1464,1397,6.700034790921268,3924,Mixed-Use,4.133187421490056,1
983,3507,960,15.733295218868799,3929,Commercial,2.33482027959395,1
984,3647,1987,4.29533695049875,4037,Residential,3.134865659491539,1
985,2875,1145,4.029650446018694,4640,Mixed-Use,1.071263050071662,1
986,2319,759,7.878358016639682,4570,Mixed-Use,1.3991256683810582,1
987,4571,685,3.894556331099158,1847,Residential,3.4267548533653263,0
988,4411,1698,0.2781126234054643,2774,Commercial,3.114653044581111,0
989,4811,2400,9.718812998766868,4282,Residential,1.9794008512944905,0
990,747,1032,14.506134197877508,3230,Mixed-Use,1.802728595748484,1
991,3732,783,3.971077880482666,3453,Mixed-Use,0.5458774061430344,0
992,4433,2318,15.84656387909174,3259,Commercial,0.8464501865912061,0
993,2352,1567,14.6234743808788,3700,Residential,4.528356099036334,1
994,4709,1361,-0.2209921890317954,1802,Commercial,3.115447039879075,0
995,4292,1575,19.28378215688233,3556,Commercial,0.5501309364969637,0
996,1542,866,3.4551371878206667,2025,Residential,1.5052673287632428,1
997,4326,682,5.823361801631748,4069,Commercial,4.55096694873539,0
998,2170,998,3.6708344045538714,1325,Residential,2.9038438777110898,0
999,2837,1261,-2.9587122719178147,3848,Mixed-Use,4.489768324609168,0
1000,1753,685,8.668712053641643,2050,Residential,4.601748711152833,1
